Date,Product,Sales Amount,Opportunity Status,Customer,Total Sales
2023-01-01,Accessories,4869.94,Pending,Customer_41,15440.41
2023-01-01,Accessories,3966.89,Won,Customer_23,15440.41
2023-01-01,Tablet,252.47,Won,Customer_30,15440.41
2023-01-01,Laptop,212.37,Won,Customer_72,15440.41
2023-01-01,Laptop,2791.68,Won,Customer_59,15440.41
2023-01-01,Accessories,3347.06,Won,Customer_2,15440.41
2023-01-02,Desktop,491.83,Won,Customer_84,4176.82
2023-01-02,Phone,3268.37,Won,Customer_60,4176.82
2023-01-02,Tablet,416.62,Lost,Customer_53,4176.82
2023-01-03,Phone,3820.82,Won,Customer_66,3820.82
2023-01-04,Tablet,4529.18,Won,Customer_42,12262.74
2023-01-04,Desktop,842.76,Won,Customer_2,12262.74
2023-01-04,Phone,3934.18,Won,Customer_19,12262.74
2023-01-04,Laptop,2956.62,Pending,Customer_22,12262.74
2023-01-05,Accessories,1734.49,Pending,Customer_90,17416.9
2023-01-05,Desktop,4164.98,Lost,Customer_95,17416.9
2023-01-05,Laptop,4866.6,Won,Customer_48,17416.9
2023-01-05,Phone,2833.32,Lost,Customer_93,17416.9
2023-01-05,Accessories,3817.51,Won,Customer_86,17416.9
2023-01-06,Phone,1634.71,Lost,Customer_10,9008.05
2023-01-06,Desktop,1251.68,Lost,Customer_14,9008.05
2023-01-06,Accessories,3678.21,Won,Customer_63,9008.05
2023-01-06,Phone,2443.45,Won,Customer_49,9008.05
2023-01-07,Laptop,2938.41,Won,Customer_54,6750.07
2023-01-07,Laptop,3811.66,Won,Customer_71,6750.07
2023-01-08,Desktop,909.5,Won,Customer_42,1900.7
2023-01-08,Phone,513.52,Won,Customer_47,1900.7
2023-01-08,Accessories,477.68,Lost,Customer_25,1900.7
2023-01-09,Desktop,1403.49,Won,Customer_52,6112.110000000001
2023-01-09,Accessories,1058.49,Won,Customer_73,6112.110000000001
2023-01-09,Accessories,3650.13,Won,Customer_62,6112.110000000001
2023-01-10,Accessories,3934.65,Won,Customer_31,8607.68
2023-01-10,Accessories,2165.08,Lost,Customer_90,8607.68
2023-01-10,Laptop,2507.95,Won,Customer_14,8607.68
2023-01-12,Phone,866.27,Won,Customer_14,3777.9300000000003
2023-01-12,Desktop,118.7,Won,Customer_25,3777.9300000000003
2023-01-12,Phone,2792.96,Lost,Customer_88,3777.9300000000003
2023-01-13,Tablet,596.17,Pending,Customer_80,4585.36
2023-01-13,Tablet,550.17,Won,Customer_64,4585.36
2023-01-13,Tablet,1359.53,Pending,Customer_96,4585.36
2023-01-13,Tablet,2079.49,Won,Customer_19,4585.36
2023-01-14,Phone,2079.1,Lost,Customer_40,8529.8
2023-01-14,Laptop,1007.62,Lost,Customer_3,8529.8
2023-01-14,Phone,1208.77,Lost,Customer_12,8529.8
2023-01-14,Desktop,4234.31,Won,Customer_47,8529.8
2023-01-15,Laptop,2607.24,Won,Customer_38,4987.83
2023-01-15,Phone,1445.25,Lost,Customer_40,4987.83
2023-01-15,Accessories,935.34,Won,Customer_73,4987.83
2023-01-16,Accessories,4556.01,Won,Customer_21,4556.01
2023-01-17,Desktop,151.1,Won,Customer_38,151.1
2023-01-18,Laptop,902.05,Won,Customer_82,902.05
2023-01-19,Tablet,4323.74,Won,Customer_24,7977.15
2023-01-19,Tablet,3653.41,Won,Customer_84,7977.15
2023-01-20,Desktop,2125.74,Lost,Customer_5,6191.68
2023-01-20,Tablet,2233.98,Won,Customer_74,6191.68
2023-01-20,Tablet,1831.96,Won,Customer_67,6191.68
2023-01-21,Tablet,703.79,Won,Customer_88,3461.37
2023-01-21,Accessories,2757.58,Won,Customer_45,3461.37
2023-01-22,Desktop,274.3,Lost,Customer_50,8412.06
2023-01-22,Desktop,3359.93,Won,Customer_59,8412.06
2023-01-22,Phone,4777.83,Pending,Customer_94,8412.06
2023-01-23,Desktop,1767.99,Won,Customer_90,5286.58
2023-01-23,Tablet,3518.59,Won,Customer_56,5286.58
2023-01-25,Desktop,2702.32,Won,Customer_57,10476.880000000001
2023-01-25,Laptop,3979.43,Lost,Customer_47,10476.880000000001
2023-01-25,Desktop,3795.13,Won,Customer_79,10476.880000000001
2023-01-26,Desktop,3504.92,Won,Customer_92,11155.21
2023-01-26,Laptop,3666.94,Won,Customer_73,11155.21
2023-01-26,Tablet,3983.35,Won,Customer_100,11155.21
2023-01-27,Tablet,1838.72,Lost,Customer_88,1838.72
2023-01-28,Desktop,319.41,Lost,Customer_96,9823.130000000001
2023-01-28,Phone,4527.68,Won,Customer_85,9823.130000000001
2023-01-28,Laptop,2597.65,Won,Customer_39,9823.130000000001
2023-01-28,Laptop,480.31,Lost,Customer_50,9823.130000000001
2023-01-28,Phone,1898.08,Won,Customer_22,9823.130000000001
2023-01-29,Desktop,913.57,Lost,Customer_39,4304.21
2023-01-29,Desktop,3390.64,Won,Customer_59,4304.21
2023-01-30,Tablet,2401.74,Won,Customer_52,2401.74
2023-01-31,Laptop,4151.39,Lost,Customer_21,4151.39
2023-02-02,Desktop,1485.45,Won,Customer_17,8896.94
2023-02-02,Accessories,4030.44,Won,Customer_6,8896.94
2023-02-02,Phone,3381.05,Lost,Customer_76,8896.94
2023-02-03,Accessories,2706.37,Won,Customer_66,10138.04
2023-02-03,Desktop,3714.07,Won,Customer_37,10138.04
2023-02-03,Phone,2044.3,Won,Customer_50,10138.04
2023-02-03,Phone,1673.3,Lost,Customer_16,10138.04
2023-02-04,Phone,112.66,Won,Customer_64,5450.46
2023-02-04,Tablet,1795.01,Won,Customer_27,5450.46
2023-02-04,Laptop,1216.43,Lost,Customer_56,5450.46
2023-02-04,Accessories,1969.9,Won,Customer_54,5450.46
2023-02-04,Accessories,356.46,Lost,Customer_81,5450.46
2023-02-05,Accessories,838.31,Won,Customer_67,4976.929999999999
2023-02-05,Desktop,555.35,Won,Customer_89,4976.929999999999
2023-02-05,Accessories,2586.49,Won,Customer_18,4976.929999999999
2023-02-05,Phone,996.78,Pending,Customer_18,4976.929999999999
2023-02-06,Laptop,3265.84,Won,Customer_33,6750.5
2023-02-06,Phone,713.64,Won,Customer_58,6750.5
2023-02-06,Desktop,2771.02,Won,Customer_7,6750.5
2023-02-07,Desktop,268.86,Lost,Customer_78,2632.4
2023-02-07,Desktop,2363.54,Won,Customer_54,2632.4
2023-02-08,Tablet,1351.92,Won,Customer_92,16848.7
2023-02-08,Tablet,2871.19,Won,Customer_92,16848.7
2023-02-08,Laptop,1682.75,Won,Customer_6,16848.7
2023-02-08,Phone,1996.69,Lost,Customer_13,16848.7
2023-02-08,Phone,416.97,Pending,Customer_100,16848.7
2023-02-08,Accessories,3790.62,Lost,Customer_34,16848.7
2023-02-08,Laptop,4738.56,Won,Customer_60,16848.7
2023-02-09,Tablet,3574.17,Won,Customer_10,3574.17
2023-02-10,Laptop,2065.82,Lost,Customer_9,2841.8100000000004
2023-02-10,Phone,389.56,Lost,Customer_45,2841.8100000000004
2023-02-10,Tablet,386.43,Lost,Customer_64,2841.8100000000004
2023-02-11,Accessories,2171.18,Won,Customer_76,8079.09
2023-02-11,Phone,3778.57,Won,Customer_4,8079.09
2023-02-11,Phone,2129.34,Won,Customer_90,8079.09
2023-02-12,Tablet,2704.84,Won,Customer_37,4906.39
2023-02-12,Accessories,2201.55,Pending,Customer_45,4906.39
2023-02-13,Tablet,3293.17,Pending,Customer_65,10583.29
2023-02-13,Laptop,4239.47,Won,Customer_6,10583.29
2023-02-13,Laptop,1580.1,Won,Customer_96,10583.29
2023-02-13,Tablet,1470.55,Won,Customer_25,10583.29
2023-02-14,Laptop,1774.21,Won,Customer_14,1774.21
2023-02-15,Phone,1210.98,Won,Customer_82,8094.9
2023-02-15,Phone,4803.15,Won,Customer_90,8094.9
2023-02-15,Laptop,2080.77,Won,Customer_96,8094.9
2023-02-16,Desktop,3460.97,Won,Customer_77,15264.8
2023-02-16,Laptop,2928.52,Won,Customer_83,15264.8
2023-02-16,Phone,2560.05,Won,Customer_15,15264.8
2023-02-16,Desktop,2560.55,Won,Customer_11,15264.8
2023-02-16,Laptop,3754.71,Pending,Customer_16,15264.8
2023-02-17,Accessories,4911.65,Won,Customer_55,9516.5
2023-02-17,Accessories,442.66,Won,Customer_40,9516.5
2023-02-17,Tablet,4162.19,Won,Customer_81,9516.5
2023-02-18,Tablet,3370.02,Won,Customer_66,5818.02
2023-02-18,Accessories,2448.0,Won,Customer_49,5818.02
2023-02-19,Phone,3008.34,Won,Customer_94,3008.34
2023-02-20,Tablet,2909.41,Lost,Customer_16,16414.13
2023-02-20,Phone,4856.67,Pending,Customer_49,16414.13
2023-02-20,Accessories,2995.25,Won,Customer_73,16414.13
2023-02-20,Accessories,2834.41,Lost,Customer_47,16414.13
2023-02-20,Laptop,110.31,Won,Customer_31,16414.13
2023-02-20,Tablet,2708.08,Pending,Customer_11,16414.13
2023-02-21,Desktop,1974.38,Lost,Customer_99,8674.66
2023-02-21,Tablet,2536.55,Won,Customer_13,8674.66
2023-02-21,Desktop,4163.73,Won,Customer_31,8674.66
2023-02-22,Desktop,4946.24,Lost,Customer_80,16287.68
2023-02-22,Tablet,4097.17,Won,Customer_40,16287.68
2023-02-22,Phone,1228.21,Won,Customer_92,16287.68
2023-02-22,Phone,1461.33,Won,Customer_5,16287.68
2023-02-22,Accessories,4180.13,Won,Customer_89,16287.68
2023-02-22,Laptop,187.93,Won,Customer_68,16287.68
2023-02-22,Tablet,186.67,Won,Customer_81,16287.68
2023-02-23,Laptop,1770.0,Pending,Customer_37,19853.510000000002
2023-02-23,Tablet,2668.38,Won,Customer_30,19853.510000000002
2023-02-23,Laptop,3722.54,Won,Customer_25,19853.510000000002
2023-02-23,Phone,3012.02,Lost,Customer_13,19853.510000000002
2023-02-23,Desktop,3412.31,Pending,Customer_97,19853.510000000002
2023-02-23,Accessories,956.39,Lost,Customer_10,19853.510000000002
2023-02-23,Accessories,4311.87,Pending,Customer_80,19853.510000000002
2023-02-24,Phone,539.17,Pending,Customer_50,539.17
2023-02-25,Laptop,1998.22,Lost,Customer_26,2940.2799999999997
2023-02-25,Laptop,942.06,Lost,Customer_26,2940.2799999999997
2023-02-26,Desktop,891.94,Won,Customer_80,891.94
2023-02-27,Accessories,243.88,Lost,Customer_4,16335.210000000001
2023-02-27,Phone,4516.35,Lost,Customer_22,16335.210000000001
2023-02-27,Accessories,3036.91,Won,Customer_89,16335.210000000001
2023-02-27,Accessories,4383.89,Won,Customer_92,16335.210000000001
2023-02-27,Laptop,2530.63,Won,Customer_63,16335.210000000001
2023-02-27,Desktop,1623.55,Lost,Customer_4,16335.210000000001
2023-02-28,Phone,1053.34,Won,Customer_17,1053.34
2023-03-01,Desktop,1074.4,Won,Customer_95,1228.45
2023-03-01,Desktop,154.05,Won,Customer_84,1228.45
2023-03-02,Desktop,3634.83,Won,Customer_85,8592.02
2023-03-02,Desktop,4957.19,Won,Customer_97,8592.02
2023-03-03,Phone,1966.46,Lost,Customer_95,11337.27
2023-03-03,Laptop,2200.29,Lost,Customer_100,11337.27
2023-03-03,Accessories,3236.82,Lost,Customer_17,11337.27
2023-03-03,Laptop,3933.7,Won,Customer_22,11337.27
2023-03-04,Laptop,4419.11,Lost,Customer_95,8751.32
2023-03-04,Desktop,106.06,Lost,Customer_38,8751.32
2023-03-04,Phone,1170.37,Lost,Customer_79,8751.32
2023-03-04,Desktop,3055.78,Won,Customer_95,8751.32
2023-03-06,Tablet,3956.92,Won,Customer_38,11581.9
2023-03-06,Desktop,3411.62,Won,Customer_99,11581.9
2023-03-06,Laptop,4213.36,Won,Customer_60,11581.9
2023-03-07,Desktop,4856.75,Won,Customer_96,5533.23
2023-03-07,Tablet,676.48,Won,Customer_60,5533.23
2023-03-08,Accessories,2943.09,Won,Customer_27,2943.09
2023-03-09,Phone,4224.44,Won,Customer_84,4842.339999999999
2023-03-09,Tablet,617.9,Pending,Customer_32,4842.339999999999
2023-03-10,Tablet,2769.75,Won,Customer_14,8617.87
2023-03-10,Phone,3703.98,Pending,Customer_73,8617.87
2023-03-10,Phone,1170.7,Pending,Customer_4,8617.87
2023-03-10,Tablet,973.44,Won,Customer_90,8617.87
2023-03-11,Desktop,532.19,Lost,Customer_24,4545.3
2023-03-11,Accessories,4013.11,Pending,Customer_23,4545.3
2023-03-13,Phone,4355.9,Won,Customer_15,8176.69
2023-03-13,Phone,3820.79,Lost,Customer_7,8176.69
2023-03-14,Laptop,3267.61,Won,Customer_31,3267.61
2023-03-15,Tablet,1014.94,Lost,Customer_45,1014.94
2023-03-16,Tablet,600.53,Won,Customer_12,6057.009999999999
2023-03-16,Accessories,3159.68,Won,Customer_34,6057.009999999999
2023-03-16,Tablet,1387.11,Lost,Customer_16,6057.009999999999
2023-03-16,Desktop,909.69,Won,Customer_76,6057.009999999999
2023-03-17,Laptop,4026.7,Won,Customer_60,10244.1
2023-03-17,Phone,2261.25,Pending,Customer_31,10244.1
2023-03-17,Accessories,3956.15,Won,Customer_50,10244.1
2023-03-19,Desktop,3774.27,Won,Customer_16,7944.8
2023-03-19,Tablet,2758.42,Won,Customer_43,7944.8
2023-03-19,Tablet,1412.11,Won,Customer_30,7944.8
2023-03-21,Accessories,653.42,Lost,Customer_60,653.42
2023-03-22,Laptop,2624.36,Won,Customer_93,12336.12
2023-03-22,Phone,4537.07,Lost,Customer_57,12336.12
2023-03-22,Desktop,2443.35,Won,Customer_41,12336.12
2023-03-22,Laptop,2731.34,Lost,Customer_19,12336.12
2023-03-23,Desktop,2122.53,Won,Customer_16,2122.53
2023-03-24,Desktop,4206.95,Won,Customer_93,8842.57
2023-03-24,Phone,4635.62,Won,Customer_76,8842.57
2023-03-25,Tablet,790.7,Won,Customer_35,790.7
2023-03-26,Laptop,2202.99,Lost,Customer_76,2202.99
2023-03-27,Laptop,1567.27,Won,Customer_11,4404.52
2023-03-27,Accessories,1956.66,Lost,Customer_97,4404.52
2023-03-27,Tablet,880.59,Won,Customer_83,4404.52
2023-03-29,Tablet,633.7,Won,Customer_53,633.7
2023-03-30,Laptop,1128.23,Won,Customer_37,2675.09
2023-03-30,Laptop,1546.86,Lost,Customer_15,2675.09
2023-03-31,Accessories,523.48,Lost,Customer_35,5559.03
2023-03-31,Laptop,2786.77,Won,Customer_69,5559.03
2023-03-31,Phone,1865.85,Lost,Customer_98,5559.03
2023-03-31,Accessories,382.93,Pending,Customer_69,5559.03
2023-04-01,Accessories,4943.24,Won,Customer_96,4943.24
2023-04-02,Phone,298.74,Won,Customer_53,5892.68
2023-04-02,Tablet,2679.85,Won,Customer_23,5892.68
2023-04-02,Laptop,842.69,Won,Customer_15,5892.68
2023-04-02,Accessories,2071.4,Pending,Customer_21,5892.68
2023-04-03,Tablet,3689.0,Won,Customer_6,7309.3
2023-04-03,Tablet,3620.3,Won,Customer_35,7309.3
2023-04-04,Accessories,1115.81,Pending,Customer_36,6072.33
2023-04-04,Accessories,4956.52,Won,Customer_72,6072.33
2023-04-05,Desktop,4654.19,Lost,Customer_77,14287.65
2023-04-05,Desktop,259.96,Won,Customer_67,14287.65
2023-04-05,Accessories,4280.14,Won,Customer_72,14287.65
2023-04-05,Laptop,2441.6,Won,Customer_29,14287.65
2023-04-05,Tablet,2651.76,Won,Customer_81,14287.65
2023-04-06,Accessories,207.97,Pending,Customer_4,7733.5599999999995
2023-04-06,Tablet,2448.84,Lost,Customer_3,7733.5599999999995
2023-04-06,Laptop,3559.49,Lost,Customer_65,7733.5599999999995
2023-04-06,Desktop,830.1,Won,Customer_64,7733.5599999999995
2023-04-06,Laptop,687.16,Won,Customer_48,7733.5599999999995
2023-04-07,Desktop,436.69,Won,Customer_63,3565.14
2023-04-07,Accessories,3128.45,Lost,Customer_59,3565.14
2023-04-08,Desktop,1490.76,Lost,Customer_12,5540.280000000001
2023-04-08,Accessories,3935.21,Won,Customer_72,5540.280000000001
2023-04-08,Desktop,114.31,Won,Customer_19,5540.280000000001
2023-04-09,Phone,3432.65,Won,Customer_79,25663.15
2023-04-09,Tablet,4489.49,Lost,Customer_43,25663.15
2023-04-09,Laptop,723.28,Won,Customer_54,25663.15
2023-04-09,Laptop,463.78,Won,Customer_43,25663.15
2023-04-09,Laptop,1339.99,Won,Customer_62,25663.15
2023-04-09,Accessories,4840.05,Won,Customer_64,25663.15
2023-04-09,Desktop,3120.85,Pending,Customer_100,25663.15
2023-04-09,Phone,3436.78,Won,Customer_40,25663.15
2023-04-09,Accessories,3816.28,Won,Customer_37,25663.15
2023-04-10,Accessories,4900.27,Won,Customer_94,10706.970000000001
2023-04-10,Laptop,830.06,Pending,Customer_87,10706.970000000001
2023-04-10,Accessories,3771.49,Pending,Customer_17,10706.970000000001
2023-04-10,Accessories,1205.15,Lost,Customer_76,10706.970000000001
2023-04-11,Phone,4255.43,Won,Customer_3,11814.2
2023-04-11,Tablet,1878.43,Won,Customer_9,11814.2
2023-04-11,Accessories,2037.63,Pending,Customer_73,11814.2
2023-04-11,Desktop,277.81,Lost,Customer_90,11814.2
2023-04-11,Accessories,3364.9,Lost,Customer_52,11814.2
2023-04-13,Laptop,4762.24,Won,Customer_59,9788.86
2023-04-13,Tablet,3424.06,Won,Customer_85,9788.86
2023-04-13,Phone,171.87,Won,Customer_55,9788.86
2023-04-13,Phone,1430.69,Won,Customer_18,9788.86
2023-04-14,Phone,2833.28,Won,Customer_31,7553.15
2023-04-14,Accessories,4719.87,Won,Customer_78,7553.15
2023-04-15,Phone,4422.46,Won,Customer_58,8562.68
2023-04-15,Laptop,4140.22,Won,Customer_13,8562.68
2023-04-16,Laptop,1867.79,Won,Customer_39,7640.71
2023-04-16,Accessories,2424.01,Won,Customer_36,7640.71
2023-04-16,Desktop,3348.91,Won,Customer_5,7640.71
2023-04-17,Desktop,3248.62,Won,Customer_62,6979.43
2023-04-17,Phone,3730.81,Won,Customer_12,6979.43
2023-04-18,Accessories,4143.9,Lost,Customer_72,7916.67
2023-04-18,Tablet,3772.77,Lost,Customer_49,7916.67
2023-04-19,Tablet,615.77,Won,Customer_80,5354.299999999999
2023-04-19,Accessories,4738.53,Won,Customer_16,5354.299999999999
2023-04-21,Phone,584.48,Won,Customer_49,14018.71
2023-04-21,Desktop,4889.52,Lost,Customer_89,14018.71
2023-04-21,Desktop,4862.92,Pending,Customer_32,14018.71
2023-04-21,Laptop,765.37,Won,Customer_12,14018.71
2023-04-21,Phone,2916.42,Won,Customer_58,14018.71
2023-04-22,Desktop,4658.56,Lost,Customer_27,14880.95
2023-04-22,Laptop,3183.56,Pending,Customer_74,14880.95
2023-04-22,Phone,3965.13,Won,Customer_25,14880.95
2023-04-22,Tablet,3073.7,Won,Customer_27,14880.95
2023-04-23,Tablet,1239.5,Won,Customer_85,14592.669999999998
2023-04-23,Laptop,2056.91,Lost,Customer_92,14592.669999999998
2023-04-23,Desktop,3327.59,Won,Customer_97,14592.669999999998
2023-04-23,Accessories,2346.49,Won,Customer_23,14592.669999999998
2023-04-23,Phone,782.07,Won,Customer_49,14592.669999999998
2023-04-23,Laptop,4143.48,Lost,Customer_62,14592.669999999998
2023-04-23,Tablet,696.63,Won,Customer_89,14592.669999999998
2023-04-24,Phone,4408.42,Lost,Customer_4,8368.21
2023-04-24,Laptop,3959.79,Won,Customer_89,8368.21
2023-04-25,Desktop,727.14,Won,Customer_86,727.14
2023-04-26,Accessories,752.41,Lost,Customer_15,4243.67
2023-04-26,Desktop,314.3,Won,Customer_83,4243.67
2023-04-26,Phone,3176.96,Pending,Customer_3,4243.67
2023-04-27,Tablet,610.27,Won,Customer_23,4432.219999999999
2023-04-27,Phone,3821.95,Lost,Customer_70,4432.219999999999
2023-04-28,Phone,502.81,Won,Customer_19,11943.29
2023-04-28,Tablet,3583.34,Pending,Customer_45,11943.29
2023-04-28,Phone,3755.03,Pending,Customer_53,11943.29
2023-04-28,Laptop,4102.11,Won,Customer_45,11943.29
2023-04-29,Laptop,4147.59,Won,Customer_42,7411.72
2023-04-29,Phone,3264.13,Won,Customer_25,7411.72
2023-04-30,Desktop,917.74,Won,Customer_68,2940.4700000000003
2023-04-30,Accessories,2022.73,Won,Customer_9,2940.4700000000003
2023-05-01,Phone,2744.69,Lost,Customer_28,3525.16
2023-05-01,Tablet,780.47,Lost,Customer_85,3525.16
2023-05-02,Phone,3050.51,Won,Customer_52,16607.87
2023-05-02,Phone,2648.93,Won,Customer_18,16607.87
2023-05-02,Laptop,4251.12,Won,Customer_56,16607.87
2023-05-02,Accessories,561.34,Won,Customer_28,16607.87
2023-05-02,Accessories,1767.86,Lost,Customer_78,16607.87
2023-05-02,Accessories,4328.11,Lost,Customer_61,16607.87
2023-05-03,Tablet,3135.54,Won,Customer_58,3135.54
2023-05-04,Accessories,775.33,Lost,Customer_88,1996.9099999999999
2023-05-04,Accessories,1221.58,Pending,Customer_39,1996.9099999999999
2023-05-05,Desktop,1050.37,Lost,Customer_84,1050.37
2023-05-06,Tablet,132.88,Lost,Customer_77,14948.41
2023-05-06,Desktop,1494.36,Won,Customer_87,14948.41
2023-05-06,Tablet,4985.68,Won,Customer_63,14948.41
2023-05-06,Desktop,555.85,Won,Customer_96,14948.41
2023-05-06,Laptop,3507.54,Won,Customer_5,14948.41
2023-05-06,Laptop,4272.1,Won,Customer_20,14948.41
2023-05-07,Laptop,430.18,Won,Customer_19,1972.13
2023-05-07,Phone,1183.21,Lost,Customer_16,1972.13
2023-05-07,Laptop,358.74,Won,Customer_40,1972.13
2023-05-08,Accessories,3952.75,Lost,Customer_63,10253.17
2023-05-08,Desktop,3329.27,Won,Customer_56,10253.17
2023-05-08,Tablet,966.75,Won,Customer_82,10253.17
2023-05-08,Laptop,2004.4,Won,Customer_42,10253.17
2023-05-09,Accessories,2484.33,Lost,Customer_10,5011.3099999999995
2023-05-09,Tablet,1771.34,Won,Customer_17,5011.3099999999995
2023-05-09,Accessories,755.64,Lost,Customer_94,5011.3099999999995
2023-05-10,Phone,3905.95,Won,Customer_22,4007.58
2023-05-10,Tablet,101.63,Won,Customer_77,4007.58
2023-05-11,Laptop,4977.85,Lost,Customer_40,16371.970000000001
2023-05-11,Desktop,4072.36,Won,Customer_75,16371.970000000001
2023-05-11,Phone,2435.81,Won,Customer_35,16371.970000000001
2023-05-11,Desktop,4885.95,Won,Customer_34,16371.970000000001
2023-05-12,Desktop,4119.85,Lost,Customer_4,4119.85
2023-05-13,Accessories,825.12,Won,Customer_96,11845.010000000002
2023-05-13,Phone,1783.95,Lost,Customer_96,11845.010000000002
2023-05-13,Accessories,552.2,Won,Customer_66,11845.010000000002
2023-05-13,Phone,4398.47,Won,Customer_85,11845.010000000002
2023-05-13,Phone,4285.27,Lost,Customer_38,11845.010000000002
2023-05-14,Desktop,4941.52,Won,Customer_35,7576.06
2023-05-14,Accessories,1796.98,Won,Customer_54,7576.06
2023-05-14,Laptop,837.56,Won,Customer_36,7576.06
2023-05-15,Desktop,2660.16,Won,Customer_50,4729.92
2023-05-15,Laptop,286.31,Pending,Customer_40,4729.92
2023-05-15,Tablet,1783.45,Won,Customer_13,4729.92
2023-05-16,Desktop,4111.66,Won,Customer_65,9043.55
2023-05-16,Laptop,4496.21,Pending,Customer_43,9043.55
2023-05-16,Tablet,435.68,Won,Customer_10,9043.55
2023-05-17,Laptop,1309.85,Won,Customer_28,2448.56
2023-05-17,Tablet,1138.71,Won,Customer_38,2448.56
2023-05-18,Accessories,4183.25,Pending,Customer_79,7040.54
2023-05-18,Phone,2857.29,Won,Customer_71,7040.54
2023-05-19,Tablet,1752.41,Pending,Customer_95,6503.0599999999995
2023-05-19,Tablet,4750.65,Won,Customer_78,6503.0599999999995
2023-05-20,Tablet,1402.67,Won,Customer_30,1688.7800000000002
2023-05-20,Tablet,286.11,Won,Customer_96,1688.7800000000002
2023-05-21,Desktop,3315.06,Lost,Customer_11,4945.57
2023-05-21,Phone,1630.51,Won,Customer_80,4945.57
2023-05-22,Laptop,3435.7,Lost,Customer_68,6534.21
2023-05-22,Tablet,3098.51,Won,Customer_27,6534.21
2023-05-23,Desktop,619.06,Won,Customer_80,5829.68
2023-05-23,Desktop,3866.14,Pending,Customer_39,5829.68
2023-05-23,Accessories,1344.48,Won,Customer_87,5829.68
2023-05-24,Desktop,1685.15,Won,Customer_73,22141.51
2023-05-24,Accessories,4373.46,Won,Customer_58,22141.51
2023-05-24,Desktop,3923.96,Won,Customer_25,22141.51
2023-05-24,Desktop,3332.18,Won,Customer_59,22141.51
2023-05-24,Laptop,3488.93,Won,Customer_90,22141.51
2023-05-24,Laptop,3694.72,Won,Customer_30,22141.51
2023-05-24,Phone,1643.11,Won,Customer_98,22141.51
2023-05-25,Laptop,3020.35,Pending,Customer_37,12175.18
2023-05-25,Desktop,3030.75,Won,Customer_69,12175.18
2023-05-25,Tablet,242.45,Won,Customer_87,12175.18
2023-05-25,Phone,4383.71,Lost,Customer_64,12175.18
2023-05-25,Phone,1497.92,Lost,Customer_47,12175.18
2023-05-26,Tablet,4910.81,Lost,Customer_77,7878.040000000001
2023-05-26,Laptop,2047.17,Pending,Customer_15,7878.040000000001
2023-05-26,Tablet,920.06,Won,Customer_34,7878.040000000001
2023-05-27,Desktop,974.03,Lost,Customer_47,19699.53
2023-05-27,Accessories,2083.51,Won,Customer_30,19699.53
2023-05-27,Tablet,3107.51,Lost,Customer_23,19699.53
2023-05-27,Desktop,4693.03,Won,Customer_1,19699.53
2023-05-27,Laptop,4336.84,Won,Customer_1,19699.53
2023-05-27,Tablet,4504.61,Lost,Customer_6,19699.53
2023-05-28,Phone,3304.97,Won,Customer_13,11692.75
2023-05-28,Phone,4132.5,Won,Customer_63,11692.75
2023-05-28,Desktop,4255.28,Won,Customer_2,11692.75
2023-05-29,Accessories,1297.27,Won,Customer_9,1297.27
2023-05-30,Tablet,4411.1,Lost,Customer_12,8719.720000000001
2023-05-30,Accessories,2276.23,Won,Customer_65,8719.720000000001
2023-05-30,Desktop,2032.39,Won,Customer_51,8719.720000000001
2023-05-31,Tablet,718.64,Won,Customer_40,13465.75
2023-05-31,Desktop,3216.75,Lost,Customer_9,13465.75
2023-05-31,Desktop,3972.65,Won,Customer_55,13465.75
2023-05-31,Accessories,2148.15,Won,Customer_14,13465.75
2023-05-31,Accessories,3409.56,Pending,Customer_93,13465.75
2023-06-01,Phone,3628.04,Won,Customer_17,18279.59
2023-06-01,Tablet,2907.9,Won,Customer_32,18279.59
2023-06-01,Phone,2708.06,Won,Customer_15,18279.59
2023-06-01,Laptop,4620.85,Lost,Customer_8,18279.59
2023-06-01,Desktop,3109.0,Pending,Customer_98,18279.59
2023-06-01,Phone,1305.74,Won,Customer_73,18279.59
2023-06-02,Accessories,3927.74,Won,Customer_12,8005.33
2023-06-02,Desktop,4077.59,Won,Customer_34,8005.33
2023-06-03,Accessories,2992.4,Lost,Customer_67,11632.22
2023-06-03,Tablet,4783.54,Won,Customer_47,11632.22
2023-06-03,Accessories,3856.28,Lost,Customer_51,11632.22
2023-06-04,Tablet,4894.15,Won,Customer_56,6448.12
2023-06-04,Phone,1553.97,Won,Customer_31,6448.12
2023-06-05,Laptop,456.09,Pending,Customer_41,456.09
2023-06-06,Tablet,794.69,Won,Customer_10,794.69
2023-06-07,Phone,109.21,Lost,Customer_70,2547.78
2023-06-07,Phone,1999.22,Won,Customer_64,2547.78
2023-06-07,Desktop,439.35,Lost,Customer_86,2547.78
2023-06-09,Accessories,1993.66,Lost,Customer_97,18283.97
2023-06-09,Phone,743.61,Pending,Customer_99,18283.97
2023-06-09,Desktop,3960.72,Won,Customer_62,18283.97
2023-06-09,Laptop,2546.74,Pending,Customer_57,18283.97
2023-06-09,Accessories,4774.76,Won,Customer_57,18283.97
2023-06-09,Tablet,1346.18,Won,Customer_22,18283.97
2023-06-09,Laptop,2918.3,Pending,Customer_10,18283.97
2023-06-10,Desktop,4785.49,Pending,Customer_32,16779.46
2023-06-10,Laptop,565.56,Won,Customer_56,16779.46
2023-06-10,Laptop,2510.46,Lost,Customer_81,16779.46
2023-06-10,Laptop,4424.05,Won,Customer_97,16779.46
2023-06-10,Tablet,4493.9,Lost,Customer_79,16779.46
2023-06-11,Phone,3686.59,Lost,Customer_36,7189.4
2023-06-11,Phone,3502.81,Won,Customer_52,7189.4
2023-06-12,Desktop,1212.13,Won,Customer_43,6747.56
2023-06-12,Tablet,165.67,Won,Customer_47,6747.56
2023-06-12,Desktop,1483.91,Won,Customer_66,6747.56
2023-06-12,Desktop,3885.85,Won,Customer_55,6747.56
2023-06-13,Laptop,3724.39,Won,Customer_18,8533.75
2023-06-13,Desktop,1156.1,Won,Customer_48,8533.75
2023-06-13,Phone,3653.26,Won,Customer_90,8533.75
2023-06-14,Desktop,3168.26,Won,Customer_36,7954.67
2023-06-14,Tablet,1680.39,Won,Customer_72,7954.67
2023-06-14,Phone,3106.02,Won,Customer_60,7954.67
2023-06-15,Phone,2417.56,Won,Customer_100,2417.56
2023-06-16,Phone,1666.37,Pending,Customer_40,5685.299999999999
2023-06-16,Laptop,4018.93,Pending,Customer_32,5685.299999999999
2023-06-17,Tablet,4876.69,Pending,Customer_81,8125.799999999999
2023-06-17,Phone,3249.11,Lost,Customer_99,8125.799999999999
2023-06-18,Tablet,2308.04,Won,Customer_17,2308.04
2023-06-19,Tablet,1214.05,Lost,Customer_90,12449.87
2023-06-19,Laptop,1419.72,Won,Customer_67,12449.87
2023-06-19,Desktop,4370.83,Won,Customer_32,12449.87
2023-06-19,Tablet,3470.63,Won,Customer_1,12449.87
2023-06-19,Tablet,915.02,Lost,Customer_64,12449.87
2023-06-19,Accessories,1059.62,Won,Customer_30,12449.87
2023-06-20,Tablet,1293.92,Won,Customer_68,1293.92
2023-06-21,Accessories,3052.51,Won,Customer_54,10425.980000000001
2023-06-21,Desktop,1231.06,Pending,Customer_63,10425.980000000001
2023-06-21,Accessories,4790.88,Won,Customer_78,10425.980000000001
2023-06-21,Accessories,1351.53,Lost,Customer_37,10425.980000000001
2023-06-22,Laptop,1777.68,Lost,Customer_24,18121.18
2023-06-22,Phone,2361.08,Won,Customer_56,18121.18
2023-06-22,Tablet,3328.24,Won,Customer_14,18121.18
2023-06-22,Laptop,4114.35,Lost,Customer_11,18121.18
2023-06-22,Tablet,1638.9,Lost,Customer_84,18121.18
2023-06-22,Tablet,4900.93,Won,Customer_67,18121.18
2023-06-23,Desktop,3390.13,Lost,Customer_88,4844.6900000000005
2023-06-23,Desktop,1454.56,Won,Customer_57,4844.6900000000005
2023-06-24,Tablet,4655.07,Lost,Customer_19,4655.07
2023-06-25,Laptop,1668.29,Won,Customer_25,2284.59
2023-06-25,Laptop,616.3,Won,Customer_86,2284.59
2023-06-26,Laptop,2354.8,Won,Customer_61,13152.789999999999
2023-06-26,Laptop,2879.14,Lost,Customer_63,13152.789999999999
2023-06-26,Laptop,3178.37,Won,Customer_90,13152.789999999999
2023-06-26,Desktop,4740.48,Pending,Customer_59,13152.789999999999
2023-06-27,Laptop,1581.99,Won,Customer_87,7815.41
2023-06-27,Accessories,2413.1,Lost,Customer_62,7815.41
2023-06-27,Accessories,3820.32,Won,Customer_11,7815.41
2023-06-28,Laptop,4126.85,Pending,Customer_44,4445.370000000001
2023-06-28,Tablet,318.52,Won,Customer_17,4445.370000000001
2023-06-29,Phone,1158.65,Lost,Customer_2,10526.35
2023-06-29,Desktop,3071.22,Pending,Customer_76,10526.35
2023-06-29,Desktop,3113.39,Won,Customer_55,10526.35
2023-06-29,Tablet,2362.49,Lost,Customer_55,10526.35
2023-06-29,Desktop,820.6,Won,Customer_96,10526.35
2023-06-30,Accessories,4609.46,Pending,Customer_32,7454.35
2023-06-30,Desktop,2844.89,Won,Customer_62,7454.35
2023-07-01,Tablet,3724.68,Won,Customer_15,3724.68
2023-07-02,Desktop,319.78,Won,Customer_44,1534.09
2023-07-02,Accessories,1214.31,Won,Customer_15,1534.09
2023-07-03,Desktop,3676.32,Won,Customer_95,11707.39
2023-07-03,Desktop,3795.84,Won,Customer_24,11707.39
2023-07-03,Desktop,4235.23,Won,Customer_57,11707.39
2023-07-04,Laptop,950.05,Lost,Customer_92,950.05
2023-07-05,Desktop,2834.11,Won,Customer_45,10407.96
2023-07-05,Accessories,3839.46,Pending,Customer_99,10407.96
2023-07-05,Accessories,3734.39,Won,Customer_87,10407.96
2023-07-06,Tablet,578.06,Won,Customer_44,9462.3
2023-07-06,Laptop,3081.58,Won,Customer_81,9462.3
2023-07-06,Accessories,1982.77,Lost,Customer_67,9462.3
2023-07-06,Tablet,1239.96,Won,Customer_28,9462.3
2023-07-06,Desktop,2579.93,Lost,Customer_31,9462.3
2023-07-07,Tablet,3196.88,Lost,Customer_69,7189.43
2023-07-07,Accessories,3125.02,Won,Customer_42,7189.43
2023-07-07,Laptop,867.53,Pending,Customer_60,7189.43
2023-07-08,Laptop,2552.18,Lost,Customer_80,4482.15
2023-07-08,Accessories,1929.97,Lost,Customer_93,4482.15
2023-07-09,Phone,2016.11,Won,Customer_53,10202.07
2023-07-09,Accessories,535.32,Pending,Customer_78,10202.07
2023-07-09,Accessories,1552.8,Lost,Customer_5,10202.07
2023-07-09,Accessories,3383.47,Won,Customer_29,10202.07
2023-07-09,Phone,1252.65,Won,Customer_88,10202.07
2023-07-09,Tablet,1461.72,Won,Customer_50,10202.07
2023-07-10,Accessories,2827.52,Won,Customer_36,8069.700000000001
2023-07-10,Desktop,642.96,Won,Customer_58,8069.700000000001
2023-07-10,Accessories,4599.22,Won,Customer_32,8069.700000000001
2023-07-11,Accessories,911.58,Won,Customer_28,18086.78
2023-07-11,Accessories,2417.2,Lost,Customer_69,18086.78
2023-07-11,Desktop,699.65,Won,Customer_69,18086.78
2023-07-11,Laptop,3288.77,Won,Customer_81,18086.78
2023-07-11,Phone,4129.73,Pending,Customer_57,18086.78
2023-07-11,Accessories,1757.49,Lost,Customer_6,18086.78
2023-07-11,Tablet,4882.36,Lost,Customer_28,18086.78
2023-07-13,Phone,2293.25,Lost,Customer_69,7985.79
2023-07-13,Phone,1993.11,Won,Customer_62,7985.79
2023-07-13,Accessories,3699.43,Won,Customer_78,7985.79
2023-07-14,Tablet,3387.62,Won,Customer_68,10549.619999999999
2023-07-14,Accessories,3405.58,Won,Customer_94,10549.619999999999
2023-07-14,Accessories,3756.42,Won,Customer_23,10549.619999999999
2023-07-15,Desktop,2027.89,Won,Customer_49,5833.59
2023-07-15,Desktop,3805.7,Won,Customer_62,5833.59
2023-07-16,Accessories,2447.44,Won,Customer_99,5481.6
2023-07-16,Laptop,3034.16,Won,Customer_81,5481.6
2023-07-17,Desktop,1400.4,Won,Customer_8,7830.79
2023-07-17,Tablet,2865.76,Won,Customer_1,7830.79
2023-07-17,Accessories,792.26,Won,Customer_96,7830.79
2023-07-17,Laptop,2772.37,Won,Customer_36,7830.79
2023-07-18,Desktop,2674.97,Won,Customer_93,2674.97
2023-07-20,Phone,100.92,Lost,Customer_64,6427.610000000001
2023-07-20,Tablet,3202.63,Lost,Customer_13,6427.610000000001
2023-07-20,Phone,3124.06,Won,Customer_89,6427.610000000001
2023-07-21,Desktop,2703.45,Pending,Customer_28,13285.8
2023-07-21,Phone,2478.26,Won,Customer_73,13285.8
2023-07-21,Desktop,4270.75,Won,Customer_26,13285.8
2023-07-21,Accessories,3833.34,Won,Customer_10,13285.8
2023-07-22,Tablet,3623.48,Won,Customer_87,7794.56
2023-07-22,Phone,2474.55,Won,Customer_17,7794.56
2023-07-22,Laptop,1696.53,Lost,Customer_61,7794.56
2023-07-23,Accessories,3725.93,Won,Customer_64,3725.93
2023-07-24,Phone,4101.74,Lost,Customer_20,5438.049999999999
2023-07-24,Laptop,1336.31,Won,Customer_74,5438.049999999999
2023-07-25,Accessories,3226.13,Won,Customer_8,8118.63
2023-07-25,Desktop,4892.5,Won,Customer_32,8118.63
2023-07-26,Laptop,745.3,Lost,Customer_36,6930.39
2023-07-26,Tablet,2386.38,Won,Customer_24,6930.39
2023-07-26,Tablet,3798.71,Won,Customer_80,6930.39
2023-07-27,Phone,3293.38,Lost,Customer_99,10474.650000000001
2023-07-27,Accessories,4458.02,Won,Customer_95,10474.650000000001
2023-07-27,Accessories,2723.25,Won,Customer_2,10474.650000000001
2023-07-31,Phone,4250.98,Lost,Customer_22,8185.25
2023-07-31,Accessories,3005.77,Won,Customer_18,8185.25
2023-07-31,Phone,928.5,Won,Customer_2,8185.25
2023-08-01,Phone,2417.17,Lost,Customer_22,2944.35
2023-08-01,Accessories,527.18,Won,Customer_76,2944.35
2023-08-02,Phone,4274.02,Won,Customer_75,5973.72
2023-08-02,Tablet,1032.59,Pending,Customer_13,5973.72
2023-08-02,Accessories,667.11,Lost,Customer_4,5973.72
2023-08-03,Laptop,4579.76,Won,Customer_48,12641.71
2023-08-03,Laptop,2225.62,Won,Customer_44,12641.71
2023-08-03,Laptop,2177.33,Won,Customer_64,12641.71
2023-08-03,Tablet,1644.43,Pending,Customer_13,12641.71
2023-08-03,Accessories,2014.57,Won,Customer_31,12641.71
2023-08-04,Desktop,1428.62,Won,Customer_15,5751.16
2023-08-04,Accessories,4322.54,Pending,Customer_75,5751.16
2023-08-05,Laptop,689.21,Won,Customer_72,15654.130000000001
2023-08-05,Accessories,3226.01,Lost,Customer_96,15654.130000000001
2023-08-05,Desktop,1882.1,Won,Customer_6,15654.130000000001
2023-08-05,Tablet,2522.96,Pending,Customer_26,15654.130000000001
2023-08-05,Phone,3354.52,Won,Customer_32,15654.130000000001
2023-08-05,Tablet,3979.33,Won,Customer_35,15654.130000000001
2023-08-06,Tablet,1352.66,Won,Customer_13,13063.14
2023-08-06,Laptop,1887.51,Won,Customer_36,13063.14
2023-08-06,Desktop,2944.33,Pending,Customer_91,13063.14
2023-08-06,Tablet,4756.53,Won,Customer_61,13063.14
2023-08-06,Laptop,2122.11,Won,Customer_46,13063.14
2023-08-08,Desktop,3465.62,Won,Customer_17,14092.33
2023-08-08,Laptop,697.97,Won,Customer_4,14092.33
2023-08-08,Desktop,2769.66,Lost,Customer_58,14092.33
2023-08-08,Laptop,2009.82,Won,Customer_76,14092.33
2023-08-08,Desktop,1240.54,Lost,Customer_21,14092.33
2023-08-08,Phone,2531.22,Won,Customer_39,14092.33
2023-08-08,Laptop,1377.5,Won,Customer_68,14092.33
2023-08-09,Tablet,4011.89,Won,Customer_3,4011.89
2023-08-10,Phone,2970.47,Won,Customer_58,8779.73
2023-08-10,Desktop,935.85,Won,Customer_55,8779.73
2023-08-10,Tablet,4873.41,Won,Customer_18,8779.73
2023-08-11,Tablet,4648.76,Won,Customer_40,17322.27
2023-08-11,Laptop,3419.2,Pending,Customer_88,17322.27
2023-08-11,Phone,3990.55,Won,Customer_36,17322.27
2023-08-11,Accessories,2807.32,Pending,Customer_90,17322.27
2023-08-11,Desktop,2456.44,Won,Customer_22,17322.27
2023-08-12,Accessories,4392.92,Won,Customer_42,11906.86
2023-08-12,Tablet,3144.59,Won,Customer_4,11906.86
2023-08-12,Tablet,918.95,Won,Customer_78,11906.86
2023-08-12,Laptop,3450.4,Won,Customer_13,11906.86
2023-08-13,Laptop,1460.99,Won,Customer_49,7264.51
2023-08-13,Laptop,2555.65,Pending,Customer_94,7264.51
2023-08-13,Accessories,212.18,Lost,Customer_62,7264.51
2023-08-13,Laptop,3035.69,Won,Customer_38,7264.51
2023-08-14,Desktop,4193.85,Won,Customer_20,7731.1900000000005
2023-08-14,Accessories,2119.44,Lost,Customer_49,7731.1900000000005
2023-08-14,Accessories,1417.9,Won,Customer_100,7731.1900000000005
2023-08-15,Desktop,1612.62,Won,Customer_70,8749.71
2023-08-15,Desktop,2676.48,Lost,Customer_84,8749.71
2023-08-15,Laptop,1468.9,Won,Customer_72,8749.71
2023-08-15,Laptop,1954.53,Won,Customer_32,8749.71
2023-08-15,Accessories,1037.18,Won,Customer_73,8749.71
2023-08-16,Laptop,4504.35,Lost,Customer_7,5723.9400000000005
2023-08-16,Laptop,1219.59,Lost,Customer_90,5723.9400000000005
2023-08-17,Tablet,4536.26,Lost,Customer_97,12333.119999999999
2023-08-17,Tablet,3644.68,Lost,Customer_86,12333.119999999999
2023-08-17,Accessories,968.14,Pending,Customer_78,12333.119999999999
2023-08-17,Laptop,1936.54,Won,Customer_60,12333.119999999999
2023-08-17,Accessories,1247.5,Lost,Customer_2,12333.119999999999
2023-08-18,Desktop,4958.78,Won,Customer_72,6806.469999999999
2023-08-18,Desktop,1847.69,Lost,Customer_8,6806.469999999999
2023-08-19,Laptop,2876.22,Won,Customer_92,13636.06
2023-08-19,Laptop,3019.18,Lost,Customer_98,13636.06
2023-08-19,Accessories,2634.47,Lost,Customer_40,13636.06
2023-08-19,Phone,198.13,Won,Customer_16,13636.06
2023-08-19,Laptop,4908.06,Won,Customer_60,13636.06
2023-08-21,Desktop,3716.54,Won,Customer_47,18656.36
2023-08-21,Tablet,1678.86,Won,Customer_36,18656.36
2023-08-21,Desktop,2842.47,Won,Customer_41,18656.36
2023-08-21,Desktop,1637.27,Lost,Customer_59,18656.36
2023-08-21,Laptop,3021.98,Won,Customer_60,18656.36
2023-08-21,Accessories,831.27,Won,Customer_9,18656.36
2023-08-21,Tablet,1523.88,Won,Customer_71,18656.36
2023-08-21,Accessories,3404.09,Won,Customer_98,18656.36
2023-08-22,Accessories,1195.71,Won,Customer_6,1195.71
2023-08-23,Laptop,4109.21,Lost,Customer_75,6031.68
2023-08-23,Laptop,1922.47,Won,Customer_8,6031.68
2023-08-24,Phone,907.64,Lost,Customer_27,3993.4399999999996
2023-08-24,Desktop,1123.43,Won,Customer_73,3993.4399999999996
2023-08-24,Tablet,1962.37,Lost,Customer_53,3993.4399999999996
2023-08-25,Laptop,3712.18,Won,Customer_55,8829.71
2023-08-25,Accessories,974.39,Won,Customer_31,8829.71
2023-08-25,Laptop,4143.14,Won,Customer_56,8829.71
2023-08-26,Phone,4459.29,Won,Customer_16,10812.71
2023-08-26,Accessories,2592.04,Lost,Customer_37,10812.71
2023-08-26,Accessories,3761.38,Won,Customer_63,10812.71
2023-08-27,Accessories,856.18,Lost,Customer_71,7845.4800000000005
2023-08-27,Accessories,1913.26,Lost,Customer_60,7845.4800000000005
2023-08-27,Laptop,2840.01,Won,Customer_2,7845.4800000000005
2023-08-27,Desktop,557.7,Won,Customer_43,7845.4800000000005
2023-08-27,Phone,1678.33,Won,Customer_75,7845.4800000000005
2023-08-28,Desktop,971.06,Won,Customer_59,7341.949999999999
2023-08-28,Laptop,4411.33,Won,Customer_22,7341.949999999999
2023-08-28,Laptop,1959.56,Won,Customer_42,7341.949999999999
2023-08-29,Accessories,2426.94,Won,Customer_71,2426.94
2023-08-30,Tablet,724.52,Won,Customer_57,8911.42
2023-08-30,Desktop,736.15,Won,Customer_43,8911.42
2023-08-30,Laptop,2853.76,Won,Customer_54,8911.42
2023-08-30,Desktop,4596.99,Won,Customer_37,8911.42
2023-08-31,Tablet,2583.51,Lost,Customer_6,4428.82
2023-08-31,Laptop,1845.31,Won,Customer_24,4428.82
2023-09-01,Laptop,3616.42,Won,Customer_71,3616.42
2023-09-03,Accessories,375.07,Lost,Customer_52,738.98
2023-09-03,Tablet,363.91,Won,Customer_14,738.98
2023-09-04,Laptop,406.46,Won,Customer_65,11072.17
2023-09-04,Phone,4208.89,Won,Customer_84,11072.17
2023-09-04,Desktop,2743.83,Won,Customer_24,11072.17
2023-09-04,Tablet,2292.59,Won,Customer_52,11072.17
2023-09-04,Tablet,1039.73,Won,Customer_15,11072.17
2023-09-04,Laptop,380.67,Pending,Customer_22,11072.17
2023-09-06,Desktop,245.37,Won,Customer_68,6396.57
2023-09-06,Tablet,2307.28,Won,Customer_93,6396.57
2023-09-06,Desktop,810.33,Lost,Customer_5,6396.57
2023-09-06,Phone,3033.59,Won,Customer_1,6396.57
2023-09-07,Phone,4655.12,Pending,Customer_34,7110.7
2023-09-07,Tablet,223.2,Pending,Customer_46,7110.7
2023-09-07,Laptop,2232.38,Won,Customer_40,7110.7
2023-09-08,Accessories,3567.67,Won,Customer_47,8313.4
2023-09-08,Tablet,4745.73,Lost,Customer_29,8313.4
2023-09-09,Desktop,1358.73,Won,Customer_62,20911.76
2023-09-09,Phone,4842.0,Won,Customer_6,20911.76
2023-09-09,Accessories,4920.82,Won,Customer_54,20911.76
2023-09-09,Accessories,849.62,Won,Customer_38,20911.76
2023-09-09,Desktop,3649.16,Pending,Customer_82,20911.76
2023-09-09,Phone,2158.58,Won,Customer_14,20911.76
2023-09-09,Phone,3132.85,Won,Customer_15,20911.76
2023-09-10,Accessories,3308.0,Won,Customer_20,14828.78
2023-09-10,Tablet,560.78,Won,Customer_66,14828.78
2023-09-10,Accessories,731.36,Pending,Customer_75,14828.78
2023-09-10,Accessories,3032.8,Won,Customer_99,14828.78
2023-09-10,Accessories,4059.31,Won,Customer_71,14828.78
2023-09-10,Tablet,3136.53,Won,Customer_15,14828.78
2023-09-11,Laptop,3531.23,Won,Customer_95,5925.57
2023-09-11,Desktop,1919.9,Won,Customer_52,5925.57
2023-09-11,Phone,474.44,Lost,Customer_8,5925.57
2023-09-12,Phone,534.96,Won,Customer_85,5326.07
2023-09-12,Tablet,1557.04,Lost,Customer_72,5326.07
2023-09-12,Phone,3234.07,Lost,Customer_70,5326.07
2023-09-13,Laptop,1942.37,Won,Customer_28,5973.91
2023-09-13,Tablet,4031.54,Lost,Customer_18,5973.91
2023-09-14,Laptop,3192.74,Won,Customer_63,7779.25
2023-09-14,Accessories,2287.13,Won,Customer_20,7779.25
2023-09-14,Desktop,2299.38,Won,Customer_65,7779.25
2023-09-15,Tablet,3759.69,Won,Customer_37,4963.29
2023-09-15,Tablet,1203.6,Lost,Customer_38,4963.29
2023-09-16,Phone,3313.05,Won,Customer_16,16722.25
2023-09-16,Laptop,621.08,Lost,Customer_28,16722.25
2023-09-16,Desktop,4562.32,Lost,Customer_77,16722.25
2023-09-16,Desktop,1719.0,Won,Customer_69,16722.25
2023-09-16,Laptop,3797.64,Won,Customer_16,16722.25
2023-09-16,Laptop,2709.16,Won,Customer_80,16722.25
2023-09-17,Laptop,4538.87,Won,Customer_28,5717.969999999999
2023-09-17,Laptop,1179.1,Won,Customer_71,5717.969999999999
2023-09-18,Tablet,2659.98,Pending,Customer_61,5921.9
2023-09-18,Desktop,3261.92,Lost,Customer_56,5921.9
2023-09-19,Phone,4225.65,Won,Customer_97,4543.15
2023-09-19,Phone,317.5,Won,Customer_82,4543.15
2023-09-20,Tablet,1029.5,Pending,Customer_83,1029.5
2023-09-21,Tablet,4717.35,Pending,Customer_99,15173.06
2023-09-21,Phone,4215.82,Won,Customer_21,15173.06
2023-09-21,Phone,3742.78,Won,Customer_58,15173.06
2023-09-21,Desktop,650.29,Won,Customer_11,15173.06
2023-09-21,Laptop,1260.24,Won,Customer_60,15173.06
2023-09-21,Tablet,586.58,Won,Customer_40,15173.06
2023-09-22,Accessories,2180.18,Won,Customer_40,2828.67
2023-09-22,Laptop,648.49,Won,Customer_65,2828.67
2023-09-24,Laptop,2151.05,Won,Customer_21,4861.16
2023-09-24,Phone,2710.11,Lost,Customer_59,4861.16
2023-09-25,Accessories,4904.53,Pending,Customer_44,12961.46
2023-09-25,Desktop,1451.03,Won,Customer_13,12961.46
2023-09-25,Phone,4176.13,Lost,Customer_18,12961.46
2023-09-25,Tablet,1655.9,Pending,Customer_93,12961.46
2023-09-25,Tablet,773.87,Lost,Customer_64,12961.46
2023-09-26,Laptop,1164.32,Won,Customer_21,1164.32
2023-09-27,Desktop,3389.98,Won,Customer_86,3389.98
2023-09-28,Desktop,833.55,Won,Customer_82,7161.66
2023-09-28,Laptop,2739.61,Won,Customer_66,7161.66
2023-09-28,Accessories,925.38,Pending,Customer_46,7161.66
2023-09-28,Accessories,2663.12,Lost,Customer_94,7161.66
2023-09-29,Phone,3310.88,Won,Customer_58,5960.33
2023-09-29,Tablet,2649.45,Lost,Customer_59,5960.33
2023-09-30,Accessories,3766.14,Pending,Customer_76,12148.88
2023-09-30,Accessories,4249.9,Won,Customer_20,12148.88
2023-09-30,Phone,2367.97,Pending,Customer_9,12148.88
2023-09-30,Tablet,1764.87,Won,Customer_42,12148.88
2023-10-01,Laptop,1004.47,Lost,Customer_52,1238.83
2023-10-01,Phone,234.36,Won,Customer_54,1238.83
2023-10-02,Phone,4298.68,Won,Customer_32,7046.9
2023-10-02,Desktop,748.62,Won,Customer_20,7046.9
2023-10-02,Tablet,1999.6,Won,Customer_18,7046.9
2023-10-04,Phone,2272.04,Won,Customer_85,20767.08
2023-10-04,Tablet,4899.8,Lost,Customer_47,20767.08
2023-10-04,Tablet,3616.1,Won,Customer_83,20767.08
2023-10-04,Tablet,2211.22,Won,Customer_8,20767.08
2023-10-04,Phone,2793.12,Won,Customer_21,20767.08
2023-10-04,Desktop,4974.8,Won,Customer_51,20767.08
2023-10-05,Desktop,1255.7,Won,Customer_59,1255.7
2023-10-06,Desktop,2758.47,Won,Customer_63,6302.889999999999
2023-10-06,Accessories,3544.42,Won,Customer_67,6302.889999999999
2023-10-07,Accessories,3923.04,Won,Customer_79,10046.78
2023-10-07,Tablet,2424.25,Won,Customer_13,10046.78
2023-10-07,Accessories,1652.92,Pending,Customer_80,10046.78
2023-10-07,Phone,1110.31,Won,Customer_46,10046.78
2023-10-07,Phone,936.26,Won,Customer_23,10046.78
2023-10-08,Tablet,4423.07,Won,Customer_7,5864.65
2023-10-08,Accessories,1441.58,Won,Customer_48,5864.65
2023-10-09,Laptop,4451.39,Won,Customer_88,9246.09
2023-10-09,Desktop,2490.47,Won,Customer_98,9246.09
2023-10-09,Phone,2304.23,Won,Customer_27,9246.09
2023-10-10,Laptop,3211.3,Pending,Customer_77,14019.41
2023-10-10,Phone,326.01,Won,Customer_46,14019.41
2023-10-10,Laptop,2046.18,Won,Customer_67,14019.41
2023-10-10,Accessories,4495.09,Lost,Customer_74,14019.41
2023-10-10,Laptop,3940.83,Won,Customer_11,14019.41
2023-10-11,Phone,409.23,Won,Customer_77,5703.92
2023-10-11,Accessories,1844.27,Won,Customer_99,5703.92
2023-10-11,Laptop,1271.37,Won,Customer_4,5703.92
2023-10-11,Accessories,2179.05,Lost,Customer_83,5703.92
2023-10-12,Laptop,342.53,Won,Customer_70,4980.42
2023-10-12,Laptop,1413.88,Won,Customer_35,4980.42
2023-10-12,Phone,3224.01,Won,Customer_76,4980.42
2023-10-13,Phone,4379.35,Lost,Customer_32,17651.63
2023-10-13,Tablet,4169.62,Won,Customer_66,17651.63
2023-10-13,Desktop,4834.59,Won,Customer_6,17651.63
2023-10-13,Accessories,1208.12,Won,Customer_19,17651.63
2023-10-13,Tablet,3059.95,Won,Customer_34,17651.63
2023-10-15,Laptop,2493.04,Won,Customer_52,8257.33
2023-10-15,Desktop,4397.98,Won,Customer_53,8257.33
2023-10-15,Phone,1366.31,Pending,Customer_38,8257.33
2023-10-16,Accessories,2422.63,Won,Customer_66,13199.76
2023-10-16,Desktop,4942.55,Won,Customer_93,13199.76
2023-10-16,Desktop,909.94,Won,Customer_73,13199.76
2023-10-16,Accessories,1397.99,Won,Customer_53,13199.76
2023-10-16,Phone,3526.65,Won,Customer_76,13199.76
2023-10-17,Laptop,3218.8,Won,Customer_61,5165.68
2023-10-17,Desktop,1946.88,Won,Customer_1,5165.68
2023-10-19,Desktop,1634.49,Won,Customer_93,4343.7
2023-10-19,Accessories,2709.21,Won,Customer_96,4343.7
2023-10-20,Laptop,3004.78,Won,Customer_15,7855.860000000001
2023-10-20,Accessories,4851.08,Won,Customer_95,7855.860000000001
2023-10-21,Phone,2208.65,Won,Customer_91,8982.43
2023-10-21,Tablet,2094.16,Won,Customer_30,8982.43
2023-10-21,Desktop,2654.05,Won,Customer_95,8982.43
2023-10-21,Desktop,2025.57,Lost,Customer_30,8982.43
2023-10-22,Phone,4768.71,Won,Customer_69,4768.71
2023-10-23,Accessories,4359.37,Won,Customer_87,4359.37
2023-10-25,Accessories,2952.53,Pending,Customer_81,2952.53
2023-10-26,Tablet,984.91,Won,Customer_88,984.91
2023-10-27,Accessories,1990.79,Pending,Customer_42,5671.8
2023-10-27,Desktop,3681.01,Won,Customer_89,5671.8
2023-10-28,Phone,3025.53,Won,Customer_24,9981.31
2023-10-28,Tablet,3265.87,Lost,Customer_39,9981.31
2023-10-28,Tablet,3689.91,Won,Customer_56,9981.31
2023-10-29,Tablet,2481.48,Won,Customer_58,2809.33
2023-10-29,Desktop,327.85,Won,Customer_61,2809.33
2023-10-30,Phone,2674.63,Lost,Customer_3,10379.259999999998
2023-10-30,Laptop,188.2,Won,Customer_59,10379.259999999998
2023-10-30,Phone,4101.94,Won,Customer_4,10379.259999999998
2023-10-30,Accessories,3414.49,Won,Customer_63,10379.259999999998
2023-10-31,Accessories,334.37,Won,Customer_85,8414.75
2023-10-31,Laptop,308.9,Won,Customer_87,8414.75
2023-10-31,Tablet,2621.82,Lost,Customer_17,8414.75
2023-10-31,Tablet,3856.62,Won,Customer_95,8414.75
2023-10-31,Tablet,1293.04,Won,Customer_44,8414.75
2023-11-01,Phone,4050.36,Won,Customer_69,8144.4400000000005
2023-11-01,Tablet,4094.08,Won,Customer_48,8144.4400000000005
2023-11-02,Phone,4468.25,Won,Customer_45,10301.93
2023-11-02,Phone,3457.96,Won,Customer_20,10301.93
2023-11-02,Desktop,2375.72,Won,Customer_21,10301.93
2023-11-03,Laptop,4133.55,Won,Customer_20,4987.13
2023-11-03,Laptop,853.58,Lost,Customer_57,4987.13
2023-11-04,Tablet,2401.24,Won,Customer_62,8113.74
2023-11-04,Desktop,2460.01,Lost,Customer_94,8113.74
2023-11-04,Accessories,3252.49,Lost,Customer_46,8113.74
2023-11-05,Accessories,2792.13,Won,Customer_84,2792.13
2023-11-06,Accessories,2305.61,Won,Customer_11,6178.34
2023-11-06,Accessories,3872.73,Lost,Customer_49,6178.34
2023-11-07,Laptop,1209.12,Won,Customer_17,4122.3099999999995
2023-11-07,Tablet,924.85,Won,Customer_12,4122.3099999999995
2023-11-07,Laptop,1988.34,Won,Customer_79,4122.3099999999995
2023-11-08,Laptop,2305.6,Won,Customer_27,3181.43
2023-11-08,Desktop,233.16,Lost,Customer_16,3181.43
2023-11-08,Tablet,642.67,Won,Customer_86,3181.43
2023-11-09,Laptop,2493.13,Lost,Customer_83,4774.84
2023-11-09,Desktop,2281.71,Won,Customer_20,4774.84
2023-11-10,Laptop,4156.56,Won,Customer_23,7927.880000000001
2023-11-10,Laptop,449.27,Lost,Customer_95,7927.880000000001
2023-11-10,Accessories,3322.05,Won,Customer_87,7927.880000000001
2023-11-11,Desktop,4670.38,Won,Customer_99,7975.58
2023-11-11,Desktop,1390.25,Won,Customer_63,7975.58
2023-11-11,Accessories,1914.95,Pending,Customer_39,7975.58
2023-11-12,Laptop,3987.7,Lost,Customer_84,10917.54
2023-11-12,Phone,2100.7,Won,Customer_75,10917.54
2023-11-12,Accessories,4829.14,Pending,Customer_10,10917.54
2023-11-13,Accessories,504.83,Pending,Customer_28,7401.55
2023-11-13,Phone,1357.8,Won,Customer_66,7401.55
2023-11-13,Laptop,1127.79,Won,Customer_68,7401.55
2023-11-13,Phone,4411.13,Won,Customer_77,7401.55
2023-11-14,Laptop,3890.34,Lost,Customer_78,13708.27
2023-11-14,Laptop,4501.48,Lost,Customer_59,13708.27
2023-11-14,Phone,1204.65,Won,Customer_64,13708.27
2023-11-14,Tablet,4111.8,Won,Customer_72,13708.27
2023-11-15,Desktop,988.46,Won,Customer_91,3685.42
2023-11-15,Accessories,2696.96,Won,Customer_95,3685.42
2023-11-16,Accessories,2059.54,Won,Customer_58,5184.0
2023-11-16,Phone,2387.23,Won,Customer_21,5184.0
2023-11-16,Phone,737.23,Won,Customer_48,5184.0
2023-11-17,Laptop,3815.11,Lost,Customer_67,4742.5
2023-11-17,Phone,927.39,Won,Customer_45,4742.5
2023-11-18,Desktop,2928.15,Won,Customer_76,7098.52
2023-11-18,Phone,4170.37,Won,Customer_34,7098.52
2023-11-19,Tablet,162.3,Won,Customer_76,4408.25
2023-11-19,Laptop,2795.45,Won,Customer_1,4408.25
2023-11-19,Laptop,1450.5,Won,Customer_17,4408.25
2023-11-20,Desktop,4544.02,Won,Customer_36,5681.620000000001
2023-11-20,Laptop,1137.6,Won,Customer_77,5681.620000000001
2023-11-21,Tablet,4278.37,Won,Customer_89,5088.29
2023-11-21,Desktop,344.23,Won,Customer_54,5088.29
2023-11-21,Accessories,465.69,Lost,Customer_46,5088.29
2023-11-22,Desktop,1938.77,Pending,Customer_89,11419.97
2023-11-22,Phone,1181.93,Won,Customer_89,11419.97
2023-11-22,Phone,4277.53,Won,Customer_33,11419.97
2023-11-22,Accessories,4021.74,Won,Customer_10,11419.97
2023-11-23,Tablet,4336.96,Won,Customer_13,6884.92
2023-11-23,Laptop,263.58,Lost,Customer_94,6884.92
2023-11-23,Tablet,2284.38,Won,Customer_60,6884.92
2023-11-24,Phone,2267.81,Won,Customer_48,2267.81
2023-11-25,Accessories,4311.14,Won,Customer_10,4311.14
2023-11-26,Phone,3440.18,Pending,Customer_74,6855.139999999999
2023-11-26,Accessories,1918.91,Lost,Customer_78,6855.139999999999
2023-11-26,Accessories,1496.05,Won,Customer_20,6855.139999999999
2023-11-27,Desktop,4856.64,Won,Customer_57,12150.04
2023-11-27,Desktop,892.64,Won,Customer_59,12150.04
2023-11-27,Tablet,4087.45,Lost,Customer_27,12150.04
2023-11-27,Laptop,2313.31,Won,Customer_24,12150.04
2023-11-29,Accessories,558.99,Won,Customer_12,558.99
2023-12-01,Accessories,4546.16,Won,Customer_13,14267.51
2023-12-01,Laptop,4998.6,Won,Customer_70,14267.51
2023-12-01,Accessories,1572.4,Lost,Customer_80,14267.51
2023-12-01,Desktop,3150.35,Won,Customer_22,14267.51
2023-12-02,Laptop,134.44,Won,Customer_81,2442.37
2023-12-02,Phone,2307.93,Lost,Customer_34,2442.37
2023-12-03,Tablet,4118.06,Pending,Customer_75,8000.16
2023-12-03,Phone,3882.1,Won,Customer_31,8000.16
2023-12-04,Phone,4822.73,Won,Customer_43,9275.43
2023-12-04,Desktop,2527.72,Won,Customer_42,9275.43
2023-12-04,Accessories,1630.13,Won,Customer_11,9275.43
2023-12-04,Desktop,294.85,Lost,Customer_87,9275.43
2023-12-05,Tablet,1879.19,Won,Customer_98,3644.1000000000004
2023-12-05,Phone,1764.91,Lost,Customer_70,3644.1000000000004
2023-12-06,Desktop,2054.3,Won,Customer_80,15014.57
2023-12-06,Desktop,4063.53,Won,Customer_57,15014.57
2023-12-06,Accessories,2248.84,Won,Customer_32,15014.57
2023-12-06,Tablet,1930.2,Won,Customer_56,15014.57
2023-12-06,Desktop,4717.7,Lost,Customer_77,15014.57
2023-12-07,Laptop,3211.94,Lost,Customer_27,8261.41
2023-12-07,Tablet,3955.08,Lost,Customer_22,8261.41
2023-12-07,Phone,1094.39,Lost,Customer_54,8261.41
2023-12-08,Desktop,434.87,Won,Customer_7,11569.61
2023-12-08,Tablet,2765.68,Won,Customer_27,11569.61
2023-12-08,Laptop,2584.55,Won,Customer_23,11569.61
2023-12-08,Laptop,1158.84,Won,Customer_48,11569.61
2023-12-08,Phone,3737.51,Won,Customer_87,11569.61
2023-12-08,Desktop,888.16,Won,Customer_26,11569.61
2023-12-09,Desktop,4688.6,Won,Customer_45,4688.6
2023-12-10,Phone,177.52,Won,Customer_87,3783.43
2023-12-10,Laptop,3605.91,Won,Customer_81,3783.43
2023-12-11,Tablet,2269.31,Won,Customer_44,3335.37
2023-12-11,Laptop,1066.06,Won,Customer_12,3335.37
2023-12-12,Desktop,2599.54,Won,Customer_99,18613.32
2023-12-12,Accessories,4511.57,Lost,Customer_17,18613.32
2023-12-12,Accessories,699.93,Won,Customer_74,18613.32
2023-12-12,Tablet,526.49,Lost,Customer_72,18613.32
2023-12-12,Laptop,3981.26,Won,Customer_17,18613.32
2023-12-12,Phone,4188.09,Lost,Customer_52,18613.32
2023-12-12,Laptop,2106.44,Won,Customer_63,18613.32
2023-12-13,Laptop,1270.4,Won,Customer_43,1270.4
2023-12-14,Tablet,4345.29,Lost,Customer_99,11684.96
2023-12-14,Laptop,2915.48,Lost,Customer_38,11684.96
2023-12-14,Phone,2673.67,Pending,Customer_29,11684.96
2023-12-14,Laptop,1750.52,Won,Customer_83,11684.96
2023-12-15,Desktop,2976.6,Won,Customer_16,10649.5
2023-12-15,Laptop,658.39,Lost,Customer_52,10649.5
2023-12-15,Accessories,951.39,Won,Customer_61,10649.5
2023-12-15,Accessories,1919.97,Won,Customer_2,10649.5
2023-12-15,Laptop,4143.15,Pending,Customer_65,10649.5
2023-12-16,Laptop,2404.56,Lost,Customer_38,10784.279999999999
2023-12-16,Phone,3225.6,Won,Customer_50,10784.279999999999
2023-12-16,Desktop,4902.53,Won,Customer_66,10784.279999999999
2023-12-16,Desktop,251.59,Won,Customer_31,10784.279999999999
2023-12-17,Accessories,4066.7,Lost,Customer_4,4482.71
2023-12-17,Accessories,416.01,Won,Customer_36,4482.71
2023-12-18,Desktop,1365.05,Won,Customer_19,4774.99
2023-12-18,Phone,1574.18,Won,Customer_83,4774.99
2023-12-18,Tablet,1835.76,Won,Customer_96,4774.99
2023-12-20,Accessories,559.41,Won,Customer_35,559.41
2023-12-21,Laptop,4559.66,Won,Customer_53,8688.99
2023-12-21,Laptop,628.92,Lost,Customer_26,8688.99
2023-12-21,Accessories,711.1,Won,Customer_52,8688.99
2023-12-21,Desktop,2789.31,Won,Customer_81,8688.99
2023-12-22,Phone,2613.22,Lost,Customer_70,2613.22
2023-12-23,Tablet,1036.83,Lost,Customer_20,8066.82
2023-12-23,Phone,2973.75,Won,Customer_85,8066.82
2023-12-23,Tablet,4056.24,Won,Customer_86,8066.82
2023-12-24,Desktop,4398.58,Won,Customer_8,9358.119999999999
2023-12-24,Laptop,4959.54,Lost,Customer_94,9358.119999999999
2023-12-25,Laptop,3634.97,Won,Customer_22,8447.13
2023-12-25,Laptop,4812.16,Won,Customer_82,8447.13
2023-12-26,Tablet,4962.84,Won,Customer_72,17299.66
2023-12-26,Tablet,3989.34,Won,Customer_56,17299.66
2023-12-26,Accessories,2680.46,Won,Customer_88,17299.66
2023-12-26,Laptop,2338.61,Won,Customer_39,17299.66
2023-12-26,Phone,2010.37,Won,Customer_9,17299.66
2023-12-26,Accessories,1318.04,Lost,Customer_85,17299.66
2023-12-27,Tablet,3103.21,Won,Customer_35,5060.4400000000005
2023-12-27,Tablet,1957.23,Won,Customer_81,5060.4400000000005
2023-12-29,Tablet,160.32,Lost,Customer_2,160.32
2023-12-30,Tablet,676.46,Won,Customer_18,3623.03
2023-12-30,Desktop,2946.57,Won,Customer_98,3623.03
